{"accuracy/top1": 90.13106536865234, "accuracy/top5": 97.91826629638672, "data_time": 0.01412454465540444, "time": 0.09072774212534834}