{"coco/bbox_mAP": 0.744, "coco/bbox_mAP_50": 0.845, "coco/bbox_mAP_75": 0.845, "coco/bbox_mAP_s": 0.0, "coco/bbox_mAP_m": 0.501, "coco/bbox_mAP_l": 0.863, "data_time": 0.7958086270552415, "time": 0.8764461003817045}