{"accuracy/top1": 90.13106536865234, "accuracy/top5": 97.91826629638672, "data_time": 0.010916430775712176, "time": 0.09406108972502918}